ID_UC,UF
1,SC
2,MG
3,DF
3,GO
4,DF
5,RJ
6,SC
7,PB
8,CE
8,PE
8,PI
9,PE
9,AL
10,RJ
11,MG
11,RJ
11,SP
12,TO
13,RJ
14,SP
15,PE
16,RJ
17,PR
18,AL
19,PI
19,MA
19,CE
20,MG
21,RS
22,PA
23,DF
23,GO
24,GO
24,MT
24,TO
25,MS
25,PR
25,SP
27,MG
28,GO
29,CE
29,PI
30,SP
31,DF
32,SP
34,RJ
35,RJ
36,SP
37,SP
38,AM
39,PB
40,SP
41,SP
43,AM
44,AC
45,SC
47,PA
48,CE
49,AM
50,RS
52,SC
53,AM
53,RO
54,PR
56,AM
57,RR
58,AP
59,AL
60,RR
61,MG
62,MT
63,RJ
64,SP
65,PI
66,CE
67,AP
67,PA
68,AC
69,RN
70,RS
71,SP
72,AM
73,SP
74,BA
75,MT
76,BA
76,TO
77,PR
78,SC
79,SP
80,SC
81,BA
82,RN
83,PA
84,RR
85,AM
86,DF
86,GO
87,RS
88,PA
89,PA
90,BA
91,ES
92,AM
93,SC
94,SP
95,PA
96,PA
97,RO
98,SP
99,PA
100,RN
101,ES
102,PI
103,MG
104,AM
105,MG
106,RR
107,AC
108,AC
109,PA
110,GO
111,CE
112,AM
113,AP
114,AM
115,CE
116,RO
117,PA
118,RO
119,AM
120,AC
121,AM
122,ES
123,PA
124,PA
125,PR
126,AM
127,RJ
128,GO
129,MG
130,RS
131,PR
132,PB
133,RS
134,SC
135,MG
136,AM
136,PA
137,BA
138,MT
139,GO
140,RS
141,RJ
142,RJ
142,SP
143,MS
144,MG
145,PI
146,PI
147,SE
148,MG
149,AC
150,SC
151,PA
152,RJ
153,RS
153,SC
154,RJ
155,GO
156,BA
156,TO
156,MA
156,PI
157,MG
158,RS
158,SC
159,DF
159,GO
160,ES
160,MG
161,MS
161,PR
162,CE
163,RO
164,PR
165,SC
166,PI
167,CE
168,TO
169,AP
170,PE
171,BA
172,PR
173,AM
174,RR
175,MS
175,MT
176,BA
177,AM
178,PR
179,RR
180,MA
181,ES
182,BA
183,MG
184,MG
184,RJ
185,BA
186,PE
187,AP
187,PA
188,RO
189,AM
189,RR
190,RS
191,ES
192,DF
193,MG
194,AM
195,ES
196,PB
197,AL
197,PE
198,PE
199,SE
200,PE
201,ES
202,BA
203,RN
204,ES
205,BA
205,ES
206,RO
207,MA
208,RO
209,AP
210,PA
211,PA
212,RJ
213,AM
214,SC
215,RJ
216,PA
217,RJ
218,PA
219,BA
220,AM
221,RO
222,AC
223,PA
225,MA
225,PI
226,MA
227,PA
228,PA
230,AM
231,CE
232,AC
233,RO
234,SP
235,AM
238,RO
239,AM
240,TO
241,PA
242,AM
243,PA
244,PA
245,BA
246,AL
247,PA
248,PA
249,PA
250,PA
251,RJ
252,BA
253,BA
254,PA
255,SC
256,RO
257,AC
258,PA
259,PA
260,PA
261,PR
261,SC
262,SC
263,RJ
264,PA
265,PA
266,PA
267,PA
268,PA
269,SE
270,PA
271,PA
272,MA
273,PA
274,AC
275,PR
276,PR
277,PR
278,PR
279,MA
280,PA
281,AM
281,MT
282,PA
283,AM
284,AM
284,RO
284,MT
285,AM
286,GO
287,GO
288,PA
291,AP
292,AP
293,AP
294,BA
295,BA
296,BA
297,BA
298,BA
300,BA
301,BA
302,BA
303,BA
304,BA
305,BA
306,BA
307,BA
308,BA
309,BA
310,BA
311,BA
312,BA
313,BA
314,BA
315,BA
316,BA
317,BA
318,BA
319,BA
320,BA
321,BA
322,BA
323,BA
325,BA
326,BA
327,BA
328,BA
329,BA
331,ES
332,ES
333,ES
334,ES
335,ES
336,ES
337,ES
338,ES
353,GO
355,MG
360,MG
361,MG
362,MG
363,MG
365,MG
366,MG
367,MG
368,MG
370,MG
383,MG
384,MG
385,MG
386,MG
387,MG
388,MG
389,MG
390,MG
391,MG
392,MG
393,MG
394,MG
395,MG
397,MG
398,MG
399,MG
400,MG
401,MG
402,MG
403,MG
404,MG
405,MG
406,MG
407,MG
408,MG
409,MG
410,MG
413,MG
415,MG
416,MG
417,MG
419,MS
420,MS
421,MS
422,MS
423,MS
430,MS
448,MT
451,MT
453,MT
454,MT
455,MT
456,MT
457,MT
460,MT
461,MT
462,MT
463,MT
464,MT
465,MT
470,MT
472,MT
475,MT
476,MT
477,MT
478,MT
479,MT
480,MT
483,PB
484,PB
485,PB
488,PB
490,PB
495,PR
496,PR
497,PR
498,PR
499,PR
500,PR
501,PR
502,PR
504,PR
505,PR
506,PR
511,PR
512,PR
513,PR
514,PR
515,PR
516,PR
517,PR
518,PR
519,PR
520,PR
521,PR
522,PR
524,PR
525,PR
526,PR
527,PR
528,PR
529,PR
530,PR
531,PR
532,PR
533,PR
534,PR
538,PR
539,PR
540,PR
541,PR
542,PR
543,PR
544,PR
545,PR
546,PR
547,PR
548,PR
549,PR
550,PR
552,PR
658,PR
723,RJ
724,RJ
726,RJ
727,RJ
728,RJ
729,RJ
731,RJ
735,RJ
736,RJ
737,RJ
738,RJ
739,RO
740,RO
743,RO
744,RO
745,RO
746,RO
747,RO
748,RO
749,RO
750,RO
751,RO
752,RO
753,RO
754,RO
755,RO
756,RO
757,RO
758,RO
759,RO
760,RO
761,RO
763,RO
764,RO
765,RO
767,RO
768,RO
770,RO
771,RO
772,RO
773,RO
774,RO
775,RO
776,RO
777,RO
778,RO
780,SC
781,SC
786,SC
787,SC
788,SC
789,SC
791,SC
793,SE
794,SE
798,SP
800,SP
801,SP
807,SP
808,SP
810,SP
812,SP
816,SP
817,SP
818,SP
819,SP
820,SP
821,SP
823,SP
825,SP
826,SP
831,SP
833,SP
834,SP
836,SP
841,SP
844,SP
845,SP
852,SP
853,SP
854,SP
855,SP
856,SP
857,SP
859,SP
862,SP
863,SP
869,SP
870,SP
885,AP
886,AP
887,AL
888,MG
889,MG
890,MG
892,MG
894,MG
895,MG
896,MG
897,MG
898,BA
899,GO
900,GO
901,PB
902,PB
904,PB
909,SP
910,SP
911,SP
913,SP
920,AL
921,AL
922,AL
923,AL
936,MG
937,MG
938,MG
939,AC
940,AC
941,AC
946,CE
947,CE
948,CE
949,CE
950,CE
951,CE
952,CE
953,CE
954,CE
955,CE
956,CE
957,CE
958,CE
959,CE
960,CE
961,CE
962,CE
963,CE
964,PE
966,PE
967,PE
975,PE
981,AM
982,AM
983,AM
984,AM
985,AM
986,AM
987,AM
988,AM
989,AM
990,AM
991,AM
992,AM
993,AM
994,AM
995,AM
996,AM
997,AM
998,AM
999,AM
1000,AM
1001,AM
1002,AM
1003,AM
1004,AM
1006,AM
1007,AM
1008,AM
1009,AM
1010,AM
1011,AM
1012,ES
1014,BA
1015,BA
1016,BA
1017,BA
1018,RS
1019,RS
1020,RS
1021,PA
1022,PA
1023,PA
1024,PA
1025,PA
1026,PA
1027,PA
1028,PA
1029,PA
1030,PA
1031,PA
1032,PA
1033,PA
1034,PA
1035,PA
1036,PA
1037,PA
1038,PA
1039,PA
1040,TO
1041,TO
1042,AM
1043,TO
1044,SP
1045,SP
1046,SP
1047,SP
1048,SP
1049,SP
1050,SP
1051,SP
1052,SP
1053,SP
1054,SP
1055,SP
1056,SP
1057,RJ
1058,SP
1059,SP
1060,SP
1061,SP
1062,SP
1063,SP
1064,SP
1065,SP
1066,SP
1067,SP
1068,SP
1069,SP
1070,SP
1071,SP
1072,SP
1073,SP
1074,SP
1075,SP
1076,SP
1077,SE
1078,SC
1079,SC
1080,SC
1081,SC
1082,SC
1083,SC
1084,SC
1085,SC
1086,SC
1087,SC
1088,SC
1089,SC
1090,SC
1091,SC
1092,SC
1093,SC
1094,SC
1095,SC
1096,SC
1097,SC
1098,SC
1099,SC
1100,SC
1101,SC
1102,SC
1103,RS
1104,RS
1105,RS
1106,RS
1107,RS
1108,RS
1110,RS
1111,RS
1112,RS
1113,RS
1114,BA
1115,RS
1116,RS
1117,RS
1118,RS
1119,RS
1120,RS
1121,RS
1122,RS
1123,RS
1124,RS
1125,RS
1126,RS
1127,RR
1129,RR
1130,RO
1131,RO
1132,RO
1133,RO
1134,RO
1135,MS
1137,RN
1138,RN
1139,RJ
1140,RJ
1141,RJ
1142,RJ
1143,RJ
1144,RJ
1145,RJ
1146,RJ
1147,RJ
1148,RJ
1149,RJ
1150,RJ
1151,RJ
1152,RJ
1153,RJ
1154,RJ
1155,RJ
1156,RJ
1157,RJ
1158,RR
1159,RJ
1160,RJ
1161,RJ
1162,RJ
1163,RJ
1164,RJ
1165,RJ
1166,RJ
1167,RJ
1168,RJ
1169,RJ
1170,RJ
1172,RJ
1173,RJ
1174,RJ
1175,RJ
1176,RJ
1177,RJ
1179,RJ
1180,PR
1181,PR
1182,BA
1183,PR
1184,PR
1186,PR
1187,PR
1188,PR
1189,PR
1191,MS
1192,PI
1193,PI
1194,PI
1195,PI
1196,PI
1197,PE
1198,PE
1199,PE
1200,PE
1201,PE
1202,PE
1203,PE
1204,PB
1205,PB
1206,PB
1207,PB
1208,PB
1209,PB
1210,PB
1211,PB
1212,PA
1213,PA
1214,PA
1216,PA
1217,MT
1218,MT
1223,MT
1224,MT
1225,MT
1226,MT
1227,MT
1228,MT
1229,MT
1230,MT
1231,MT
1232,MS
1233,MS
1234,MS
1235,PI
1236,MS
1237,MS
1239,RN
1240,MS
1241,MS
1242,MS
1243,MS
1244,MS
1245,MS
1247,MG
1248,MG
1249,MG
1250,MG
1251,MG
1252,MG
1253,MG
1254,MG
1255,MG
1256,MG
1257,MG
1258,MG
1259,MG
1262,MG
1263,MG
1264,MG
1265,MG
1266,MG
1267,MG
1268,MG
1269,MG
1270,MG
1271,MG
1272,MG
1273,MG
1274,MG
1275,MG
1276,MG
1277,MG
1279,MG
1280,MG
1281,MG
1283,MG
1284,MG
1285,MG
1286,MG
1287,MG
1288,MG
1289,MG
1290,MG
1291,MG
1292,MG
1293,MG
1294,MG
1296,MG
1297,MG
1298,MG
1299,MG
1301,MG
1302,MG
1303,MG
1304,MG
1305,MG
1306,MG
1307,MG
1308,MG
1309,MG
1310,MG
1311,MG
1312,MG
1313,MG
1314,MA
1315,MA
1316,MA
1317,MA
1318,MA
1319,MA
1320,MA
1321,MA
1322,MA
1323,MA
1324,MA
1325,GO
1326,GO
1327,GO
1328,GO
1329,GO
1330,GO
1331,GO
1332,BA
1333,GO
1335,GO
1336,GO
1337,GO
1338,GO
1339,GO
1340,GO
1341,GO
1342,GO
1343,GO
1344,GO
1345,GO
1346,GO
1347,GO
1348,GO
1349,GO
1350,GO
1351,GO
1352,GO
1353,GO
1354,GO
1355,GO
1356,GO
1357,GO
1358,GO
1359,GO
1360,GO
1361,GO
1362,GO
1363,GO
1364,GO
1365,GO
1366,GO
1367,GO
1368,GO
1370,ES
1371,ES
1372,DF
1373,DF
1374,DF
1375,DF
1376,CE
1377,CE
1378,CE
1379,CE
1380,CE
1381,CE
1382,CE
1383,CE
1384,CE
1385,CE
1387,BA
1388,BA
1389,BA
1390,BA
1391,BA
1392,BA
1393,BA
1394,BA
1395,BA
1396,BA
1397,BA
1398,BA
1399,BA
1400,BA
1401,BA
1402,BA
1403,BA
1404,BA
1405,BA
1406,BA
1407,BA
1408,BA
1409,BA
1410,BA
1411,BA
1412,BA
1413,BA
1414,BA
1415,BA
1416,BA
1417,BA
1418,BA
1419,BA
1420,BA
1421,BA
1422,BA
1425,BA
1426,BA
1427,BA
1428,BA
1429,BA
1430,BA
1431,BA
1432,BA
1433,BA
1434,BA
1435,BA
1437,BA
1438,BA
1439,BA
1440,AP
1441,AP
1442,AP
1443,AP
1444,AP
1445,AM
1446,AM
1447,AM
1448,AM
1449,AM
1450,AM
1451,AM
1452,TO
1453,AM
1454,AM
1455,AM
1456,AM
1457,AM
1459,AL
1460,AL
1461,AL
1462,AL
1463,AL
1464,AL
1465,AC
1467,MT
1468,RN
1469,RN
1470,RN
1471,RN
1472,RN
1473,RN
1475,RN
1476,RJ
1477,RJ
1478,RJ
1479,RJ
1480,RJ
1481,RJ
1482,RJ
1483,RJ
1485,RJ
1486,TO
1487,TO
1488,TO
1489,TO
1491,TO
1492,TO
1493,TO
1494,TO
1495,RO
1497,TO
1498,TO
1499,TO
1500,TO
1501,TO
1506,AM
1509,MS
1510,MS
1512,RJ
1514,RJ
1515,MS
1516,RJ
1517,AC
1518,AP
1519,MA
1520,MA
1521,SP
1522,MG
1523,MG
1525,MG
1527,MG
1528,MG
1532,MG
1533,ES
1534,ES
1563,PB
1563,PE
1564,MA
1565,ES
1566,ES
1568,RJ
1569,BA
1570,SP
1571,MS
1573,AM
1575,SC
1576,PR
1577,PR
1578,MS
1579,MS
1580,RJ
1581,MS
1603,SE
1604,SE
1605,PE
1606,AM
1607,AL
1608,AL
1610,AL
1611,AL
1612,AM
1615,SE
1620,RJ
1622,RJ
1623,RJ
1624,RJ
1626,AM
1628,AM
1631,RJ
1633,AM
1633,RO
1634,DF
1635,PA
1636,DF
1639,DF
1640,DF
1642,DF
1644,DF
1645,DF
1646,DF
1647,DF
1648,DF
1649,DF
1650,DF
1651,DF
1652,DF
1654,DF
1655,DF
1656,DF
1657,DF
1658,DF
1663,MS
1665,MS
1666,MS
1667,ES
1672,SP
1673,ES
1675,SP
1676,SP
1677,SP
1678,SP
1679,SP
1681,SP
1683,CE
1685,SP
1686,SP
1687,SP
1688,SP
1689,SP
1690,SP
1691,SP
1692,SP
1693,SP
1694,SP
1695,SP
1696,SP
1697,SP
1698,SP
1700,SP
1701,SP
1702,SP
1703,SP
1704,SP
1705,SP
1706,SP
1707,SP
1708,SP
1709,SP
1710,SP
1711,SP
1712,SP
1713,SP
1714,SP
1715,SP
1716,SP
1717,SP
1718,SP
1719,SP
1720,SP
1721,SP
1722,SP
1723,SP
1724,SP
1725,SP
1727,PB
1730,AM
1731,AM
1732,AM
1733,AM
1735,AM
1736,AM
1737,AM
1738,GO
1739,GO
1740,GO
1743,GO
1744,GO
1745,GO
1747,GO
1748,GO
1749,GO
1750,GO
1751,GO
1752,GO
1753,GO
1754,GO
1755,GO
1756,MG
1757,RS
1762,MG
1763,RJ
1764,RJ
1765,RJ
1766,RJ
1767,RJ
1768,DF
1769,RJ
1770,MG
1771,MG
1772,MG
1773,MG
1774,MG
1775,MG
1776,MG
1777,RJ
1778,RJ
1780,MG
1781,MG
1782,RJ
1783,RJ
1784,RJ
1785,RJ
1786,RJ
1787,RJ
1788,RJ
1789,RJ
1790,RJ
1791,RJ
1793,RJ
1795,RJ
1796,RJ
1797,RJ
1798,RJ
1799,RJ
1800,RJ
1801,RJ
1802,RJ
1803,RJ
1805,RJ
1807,RJ
1808,BA
1809,CE
1810,PA
1811,RJ
1812,AL
1812,BA
1812,SE
1813,BA
1814,RJ
1816,RJ
1817,RJ
1818,RO
1819,MS
1820,RJ
1822,RJ
1823,RJ
1824,RJ
1825,RJ
1826,RJ
1827,RJ
1830,SC
1831,ES
1832,ES
1833,ES
1837,RJ
1839,SC
1841,SC
1844,SC
1851,RN
1860,RS
1863,RS
1865,SC
1866,SC
1871,RJ
1872,RJ
1873,RJ
1875,RJ
1876,RJ
1878,RJ
1879,RJ
1880,BA
1881,PA
1882,MA
1883,RJ
1885,MA
1886,MA
1887,MA
1888,MA
1889,MA
1890,MA
1891,MA
1892,MA
1893,MA
1895,RJ
1896,MT
1897,RJ
1899,MT
1901,MT
1902,MT
1903,MT
1904,DF
1906,SC
1907,BA
1908,BA
1909,BA
1910,BA
1911,ES
1912,ES
1913,SC
1915,RJ
1916,MT
1917,MT
1918,MT
1919,MT
1920,MT
1923,MT
1924,MT
1927,RR
1928,PE
1929,PE
1930,CE
1931,CE
1932,CE
1933,CE
1942,SP
1944,RJ
1945,RJ
1947,GO
1948,RS
1959,SP
1960,PA
1961,SP
1962,SP
1963,MA
1964,SP
1965,SP
1966,SP
1967,SP
1968,SP
1969,SP
1971,SP
1972,SP
1973,SP
1974,SP
1975,RS
1976,RS
1977,AM
1980,MS
1981,MS
1982,MS
1983,AC
1987,RS
1988,RS
1990,MS
1991,RJ
1993,RS
1994,RS
1995,RS
1996,RS
1997,MS
2000,RS
2001,RS
2002,RS
2003,RS
2004,RS
2005,RS
2006,RS
2007,RS
2008,RS
2009,RS
2010,RS
2011,MG
2012,RJ
2013,BA
2014,BA
2015,SP
2016,BA
2017,SP
2018,BA
2019,SP
2020,SP
2025,MG
2026,BA
2028,RJ
2029,BA
2030,BA
2031,BA
2034,RJ
2035,RJ
2036,RJ
2039,ES
2041,AC
2042,PA
2043,RJ
2044,AC
2045,MT
2046,AC
2047,RJ
2048,AC
2049,SC
2050,RJ
2054,ES
2056,BA
2057,BA
2059,RO
2060,PE
2063,SP
2065,RO
2066,MS
2067,ES
2069,ES
2070,BA
2071,BA
2072,BA
2073,MG
2074,MG
2075,MS
2076,ES
2077,BA
2078,TO
2079,GO
2080,BA
2081,SC
2082,TO
2083,SP
2084,CE
2085,SC
2086,ES
2087,BA
2088,SC
2089,SC
2090,SC
2091,SC
2092,RJ
2093,RS
2094,SC
2095,SE
2096,AL
2097,SE
2098,CE
2099,SC
2100,RN
2101,BA
2102,MS
2103,ES
2104,RJ
2105,RO
2106,TO
2107,RJ
2108,RS
2109,RS
2110,GO
2111,PR
2112,SC
2113,MG
2114,MT
2115,BA
2116,BA
2117,SC
2118,BA
2119,BA
2120,MT
2121,AM
2122,MG
2123,BA
2124,BA
2125,RJ
2126,BA
2127,MG
2128,MG
2129,PA
2130,ES
2131,MT
2132,CE
2133,RJ
2134,SE
2135,SE
2136,ES
2137,RS
2138,MG
2139,RJ
2140,CE
2141,RJ
2142,RJ
2143,RJ
2144,RJ
2145,BA
2146,PA
2147,BA
2148,SP
2149,GO
2150,CE
2151,SC
2152,PR
2153,BA
2154,SC
2155,SC
2156,ES
2157,BA
2158,MG
2159,MG
2160,SC
2161,PE
2162,BA
2163,RJ
2164,RJ
2165,RJ
2166,MG
2167,MG
2168,MG
2169,MG
2170,MG
2171,MG
2172,MG
2173,MG
2174,MG
2175,MG
2176,MG
2177,RJ
2178,BA
2179,PE
2180,SC
2181,RS
2182,BA
2183,GO
2184,MS
2185,CE
2186,BA
2187,BA
2188,RJ
2189,PE
2190,BA
2191,BA
2192,PE
2193,SC
2194,BA
2195,RS
2196,BA
2197,BA
2198,BA
2199,BA
2200,BA
2201,SP
2202,BA
2203,RJ
2204,RS
2205,GO
2206,RJ
2207,BA
2208,BA
2209,BA
2210,SC
2211,SC
2212,RN
2213,PE
2214,SC
2215,RJ
2216,TO
2217,SC
2218,SC
2219,PR
2220,MG
2221,RJ
2222,ES
2223,BA
2224,SP
2225,BA
2226,MG
2227,MG
2228,DF
2229,SC
2230,SP
2231,RJ
2232,GO
2233,RJ
2234,BA
2235,RJ
2236,SP
2237,SP
2239,PE
2240,PE
2241,PE
2242,PE
2243,PE
2244,PE
2246,SP
2247,PE
2248,PE
2249,PE
2250,PE
2251,PE
2252,PE
2253,PE
2254,PE
2255,PE
2256,PE
2257,PE
2259,PR
2260,PR
2261,SC
2262,SP
2263,RJ
2264,RJ
2265,RJ
2266,RJ
2267,RJ
2268,RJ
2269,RJ
2270,RJ
2271,RJ
2272,RJ
2273,RJ
2274,RJ
2275,RJ
2276,RJ
2277,RJ
2278,RJ
2279,RJ
2280,RJ
2281,RJ
2282,RJ
2283,RJ
2284,RJ
2285,RJ
2286,RJ
2287,RJ
2288,RJ
2289,RJ
2290,RJ
2291,RJ
2292,RJ
2293,RJ
2294,RJ
2295,RJ
2296,RJ
2297,RJ
2298,RJ
2299,RJ
2300,RJ
2301,RJ
2302,RJ
2303,RJ
2304,RJ
2305,RJ
2306,RJ
2307,RJ
2309,PB
2310,RJ
2311,PR
2312,MG
2313,PR
2314,MT
2317,SP
2318,SP
2319,ES
2320,RS
2321,BA
2325,SP
2326,SP
2327,MS
2328,MG
2329,MG
2330,PB
2331,PB
2336,PB
2337,PB
2340,SC
2341,RJ
2342,RJ
2344,ES
2345,ES
2346,ES
2347,ES
2348,ES
2350,ES
2351,ES
2352,ES
2353,ES
2354,ES
2355,ES
2356,MS
2357,ES
2358,ES
2359,SC
2360,ES
2361,ES
2362,ES
2363,ES
2365,ES
2366,ES
2367,ES
2369,MG
2370,MG
2371,MG
2374,MG
2375,MG
2377,MG
2378,MG
2379,MG
2382,MG
2383,MG
2385,MG
2387,MG
2388,MG
2390,MG
2391,MG
2394,MG
2399,MG
2402,MG
2440,MG
2443,MG
2539,ES
2548,MG
2551,RJ
2552,RJ
2553,RJ
2556,AM
2558,ES
2559,SP
2560,PE
2562,SP
2566,ES
2567,MS
2575,ES
2576,AL
2577,ES
2578,SP
2579,ES
2580,SP
2582,ES
2583,ES
2584,RJ
2586,ES
2587,SP
2588,AP
2589,SP
2590,MS
2591,MG
2592,MG
2593,MG
2594,MG
2596,PR
2597,PR
2598,ES
2599,ES
2600,ES
2601,ES
2604,PR
2605,SP
2606,SP
2607,MS
2610,MG
2611,MG
2612,MG
2613,MG
2614,MG
2617,SP
2618,SP
2619,MG
2620,MG
2621,MG
2622,MG
2623,MG
2624,MG
2625,MG
2631,SP
2632,MG
2633,RN
2634,PR
2635,SP
2636,MG
2637,SP
2638,SP
2639,RJ
2640,RJ
2641,RJ
2642,MG
2643,SC
2644,ES
2645,ES
2646,ES
2647,ES
2648,ES
2649,ES
2650,ES
2651,ES
2652,ES
2653,CE
2659,CE
2660,CE
2661,CE
2662,SP
2663,PA
2664,CE
2665,CE
2666,SP
2668,GO
2669,SP
2670,GO
2672,SP
2676,AL
2678,AL
2682,AL
2683,AL
2684,AL
2685,MG
2687,MG
2690,AL
2691,AL
2697,SP
2698,SP
2699,SP
2700,SP
2701,SP
2702,PR
2703,BA
2705,RJ
2707,RJ
2708,RO
2709,RO
2710,MG
2711,SC
2714,SC
2715,SC
2716,SC
2717,RJ
2719,SC
2720,SP
2721,RJ
2722,RJ
2723,SP
2725,RJ
2727,SP
2728,ES
2730,MG
2731,MG
2732,RJ
2733,RJ
2738,AM
2739,SC
2740,SE
2741,SP
2742,AM
2744,TO
2746,PR
2749,RJ
2750,SP
2751,MS
2752,MS
2753,MS
2754,MS
2755,MS
2756,MS
2758,MS
2759,MS
2760,MS
2761,MS
2762,MS
2763,BA
2766,MG
2767,MG
2768,MG
2770,MS
2771,MG
2772,MS
2773,MS
2776,SP
2777,RJ
2778,ES
2780,SP
2781,SP
2783,SP
2786,MG
2789,RJ
2790,MT
2792,TO
2795,SP
2796,BA
2798,MG
2799,SP
2800,GO
2801,RJ
2805,RJ
2806,MG
2814,MG
2822,MG
2823,RJ
2832,MT
2836,SP
2837,MG
2839,SP
2840,SP
2843,SP
2845,MS
2846,MS
2847,MS
2849,RJ
2851,MT
2853,BA
2854,BA
2855,AP
2857,SP
2858,MG
2867,SP
2868,RJ
2869,MG
2873,CE
2874,PR
2875,SP
2876,SC
2878,ES
2879,ES
2891,RJ
2892,RJ
2893,RJ
2894,RJ
2898,RJ
2899,RJ
2900,RJ
2903,RJ
2904,RJ
2906,MG
2908,ES
2912,RJ
2914,ES
2916,ES
2917,ES
2918,ES
2919,ES
2920,ES
2921,RJ
2922,RS
2923,SC
2924,SC
2925,SC
2926,SC
2927,SC
2929,BA
2930,BA
2931,BA
2932,BA
2933,BA
2934,ES
2935,SP
2936,SP
2937,SP
2939,ES
2941,MG
2944,SC
2945,SC
2947,RJ
2948,BA
2949,RJ
2950,RJ
2951,RJ
2953,MG
2955,SP
2956,RJ
2957,ES
2976,RR
2981,RJ
2997,ES
2998,RJ
2999,RJ
3000,RJ
3002,RJ
3026,MG
3027,RJ
3028,MG
3029,SC
3030,GO
3033,BA
3034,CE
3035,RJ
3038,MG
3039,MG
3041,MG
3042,RJ
3044,RJ
3045,MS
3046,MS
3047,PR
3054,RJ
3056,RJ
3057,RJ
3058,RJ
3060,RJ
3061,MG
3066,BA
3067,BA
3068,BA
3069,BA
3070,BA
3071,BA
3072,BA
3073,BA
3074,BA
3075,BA
3076,BA
3077,TO
3078,RS
3079,CE
3080,CE
3081,CE
3082,CE
3083,CE
3084,CE
3085,CE
3086,CE
3087,MA
3088,MG
3089,RJ
3090,RO
3091,SE
3092,SE
3093,SP
3094,SP
3098,SC
3099,SC
3100,SC
3101,SC
3102,SC
3103,SC
3105,GO
3106,GO
3107,GO
3108,GO
3109,GO
3110,GO
3111,GO
3112,GO
3115,RJ
3116,ES
3120,SP
3122,SC
3124,PB
3127,MG
3128,CE
3131,AM
3132,PA
3133,PA
3134,PA
3135,MG
3136,MG
3137,PR
3138,RS
3139,SP
3140,SP
3141,SP
3143,SP
3149,RJ
3151,RO
3153,MT
3154,RJ
3155,MG
3156,RJ
3159,SC
3160,MG
3163,PA
3164,SP
3165,RJ
3166,RJ
3168,MG
3170,MG
3172,MS
3173,BA
3177,BA
3178,DF
3179,DF
3180,MS
3182,AM
3183,PR
3196,MT
3201,BA
3202,BA
3203,BA
3206,BA
3207,RS
3210,SC
3211,SC
3212,SC
3214,RJ
3215,RJ
3217,AC
3219,SP
3220,SP
3230,RJ
3231,RJ
3232,RJ
3233,MG
3234,GO
3237,ES
3239,PE
3248,BA
3249,SP
3250,SP
3259,RJ
3260,ES
3261,ES
3262,ES
3263,ES
3268,PE
3270,RJ
3273,GO
3278,BA
3281,PE
3283,PE
3292,BA
3295,CE
3302,PE
3303,PE
3304,PE
3308,PE
3312,PE
3313,PE
3314,PE
3315,PE
3316,PE
3317,PE
3318,PE
3319,PE
3320,PE
3322,PE
3328,PE
3330,PE
3333,PR
3334,PR
3335,RJ
3387,SP
3388,BA
3395,PE
3398,SC
3400,RS
3401,SC
3402,BA
3403,BA
3404,BA
3405,MG
3407,AM
3408,AM
3409,AM
3410,AM
3411,AM
3412,BA
3413,BA
3417,RJ
3418,SP
3419,SP
3420,SP
3421,SP
3422,SP
3423,SP
3424,SP
3425,SP
3426,ES
3430,SC
3431,BA
3432,SP
3433,BA
3434,SP
3435,SP
3437,RJ
3438,RJ
3439,RJ
3444,RJ
3445,RJ
3451,ES
3452,ES
3453,ES
3454,ES
3455,ES
3456,ES
3457,ES
3459,SE
3461,PA
3462,AL
3464,BA
3467,RJ
3471,RJ
3472,BA
3474,SP
3478,PA
3479,PA
3480,PA
3481,PA
3483,CE
3484,RJ
3485,MA
3502,RJ
3503,RJ
3508,RS
3509,MA
3512,CE
3514,RS
3515,GO
3516,SC
3517,RJ
3518,RJ
3519,PA
3521,RJ
3522,ES
3523,ES
3524,RJ
3535,RJ
3536,SC
3542,RJ
3543,MA
3544,MA
3546,MS
3547,RJ
3549,RJ
3550,RJ
3551,PR
3552,BA
3553,RJ
3555,MG
3557,AM
3564,PA
3566,PA
3573,PA
3577,SP
3579,AL
3580,AL
3581,BA
3582,AL
3583,RJ
3584,GO
3591,ES
3592,GO
3594,GO
3596,BA
3597,MG
3598,RJ
3605,MA
3608,GO
3609,AL
3610,ES
3613,RS
3615,MA
3616,MT
3618,MG
3619,MS
3621,RJ
3622,MG
3623,BA
3626,SC
3627,MG
3628,RJ
3629,RJ
3630,RJ
3631,MG
3632,MG
3633,BA
3641,RJ
3642,BA
3643,PB
3644,PB
3645,MS
3646,SP
3648,SP
3651,MA
3652,BA
3653,MA
3654,MA
3655,BA
3656,SP
3657,SP
3658,SC
3659,MG
3660,SC
3661,BA
3662,SC
3663,CE
3664,BA
3665,PB
3666,BA
3667,BA
3668,BA
3669,RS
3670,SC
3671,SP
3672,SC
3673,SC
3675,CE
3677,MG
3678,CE
3679,PR
3680,PR
3681,GO
3682,SP
3683,SC
3684,GO
3685,PR
3686,GO
3687,RN
3688,SC
3689,RJ
3690,RJ
3693,AM
3693,RR
3694,BA
3696,BA
3697,RJ
3698,RJ
3699,RJ
3700,RJ
3701,MT
3702,MT
3706,MG
3707,CE
3713,CE
3720,CE
3721,AL
3723,PI
3727,MG
3728,RJ
3729,CE
3730,SP
3731,SP
3732,SC
3733,BA
3734,BA
3736,RS
3737,SP
3739,PA
3740,SP
3742,SP
3745,RJ
3746,RJ
3747,RJ
3749,RJ
3751,PE
3752,RJ
3753,RS
3754,RS
3770,SC
3773,MT
3775,MT
3776,RS
3787,GO
3789,SP
3791,RS
3792,BA
3793,BA
3794,BA
3795,BA
3797,BA
3799,RS
3800,BA
3801,MT
3802,PB
3803,BA
3804,AL
3805,RJ
3806,RJ
3807,CE
3808,MG
3809,AL
3810,AL
3811,AL
3812,AL
3813,ES
3814,ES
3815,ES
3817,MG
3818,GO
3819,AL
3820,GO
3824,RJ
3827,GO
3828,PA
3831,RJ
3833,SP
3834,BA
3835,BA
3836,BA
3837,BA
3838,BA
3839,BA
3840,BA
3845,SP
3847,BA
3849,GO
3850,MG
3852,MG
3853,PB
3854,SP
3855,GO
3856,GO
3857,GO
3858,GO
3859,RJ
3860,GO
3861,MS
3862,MG
3865,GO
3866,MG
3869,AL
3871,RO
3873,MG
3875,MT
3876,SP
3877,MG
3878,GO
3879,AL
3880,AL
3881,AL
3882,AL
3884,SP
3885,SP
3886,MG
3887,SP
3888,SP
3889,SP
3890,SP
3891,SP
3892,SP
3893,MG
3894,MG
3895,MG
3896,MG
3898,MG
3899,MG
3900,CE
3902,RJ
3903,RJ
3906,RJ
3908,RJ
3909,RJ
3910,ES
3915,GO
3916,MG
3918,MG
3927,GO
3929,MG
3930,MG
3931,MG
3932,MG
3933,MG
3944,PE
3946,AL
3947,CE
3950,SC
3951,SC
3953,SC
3954,SC
3955,SC
3956,SC
3957,SC
3958,SC
3959,SC
3960,SC
3961,GO
3962,SC
3963,SC
3968,RJ
3971,RJ
3977,SP
3979,RJ
3981,RJ
3984,RJ
3991,GO
3992,GO
4016,PE
4017,MG
4019,SP
4027,RJ
4028,RS
4031,RN
4032,MS
4033,MS
4034,MS
4035,BA
4036,MS
4037,MS
4040,PA
4041,AL
4042,AL
4043,AL
4047,BA
4048,SP
4049,GO
4050,PA
4060,RJ
4063,MG
4064,CE
4067,SP
4070,MG
4072,SP
4073,SP
4074,SP
4079,SP
4081,RN
4085,MG
4093,RJ
4095,RJ
4096,RJ
4097,RJ
4098,RJ
4099,SC
4100,RS
4108,AL
4118,SE
4129,CE
4133,BA
4135,BA
4138,GO
4139,AM
4140,SC
4144,RJ
4145,RJ
4146,SC
4147,SC
4148,SC
4149,GO
4150,SC
4151,GO
4155,GO
4156,GO
4172,GO
4174,GO
4175,RS
4178,RJ
4182,PR
4191,PE
4192,PE
4193,PE
4194,RS
4196,PR
4199,AL
4200,AL
4201,RS
4202,AL
4203,AL
4204,PR
4205,AL
4206,AL
4207,AL
4214,RJ
4215,RJ
4218,CE
4219,PR
4220,PR
4221,PR
4222,GO
4225,SP
4226,MS
4227,GO
4231,MG
4238,BA
4239,BA
4240,BA
4241,BA
4242,BA
4243,BA
4244,BA
4245,ES
4247,MS
4250,PE
4253,RJ
4254,MG
4255,MG
4256,MG
4257,PE
4258,MG
4259,MG
4260,CE
4261,CE
4262,PE
4272,MG
4273,CE
4274,PE
4275,CE
4276,PE
4277,PE
4278,CE
4279,PE
4280,PE
4281,PE
4282,PE
4283,PE
4284,PE
4285,PE
4286,PE
4287,GO
4288,PE
4289,PE
4290,PE
4291,PE
4292,PE
4293,RS
4294,CE
4295,RJ
4297,SP
4299,GO
4300,RJ
4307,MT
4310,SC
4311,PE
4312,PE
4313,GO
4314,RS
4316,SC
4318,SC
4320,RJ
4321,GO
4322,MS
4324,SP
4325,SP
4326,MS
4328,MS
4329,MS
4330,MS
4331,MS
4332,MS
4333,MS
4335,SP
4336,SP
4337,MS
4339,PE
4341,BA
4343,SC
4344,SC
4345,AL
4346,AL
4347,AL
4348,RJ
4349,SP
4351,RJ
4352,MT
4358,SC
4359,SC
4360,SC
4361,SC
